priority,tier,id,business,owner,phone,city,state,trade,reviews,notes
1,★,N1,Morton Plumbing Heating & Cooling,Jimmy Morton,(615) 255-2527,Nashville,TN,Plumbing+HVAC,~150,Owner name in biz; solo since 1986; fully verified
2,★,N3,Roof Masters,Don Merritt,(615) 969-8233,Nashville,TN,Roofing,~75,Don is solo point of contact; roofers can't answer from ladder
3,★,T1,Home Therapist Cooling Heating & Plumbing,Richard Morales,(813) 343-2212,Tampa,FL,HVAC+Plumbing,864,Husband-wife-son team; both on jobs; highest confidence in Tampa
4,★,C1,All Hours Plumbing,Brett Eschert,(704) 488-8177,Charlotte,NC,Plumbing,104,Best ICP in Charlotte; married-couple op; fully verified
5,★,A1,Garrett Mechanical Services,Tommy Garrett,(678) 400-3821,Atlanta,GA,HVAC+Plumbing+Electrical,~75,Owner name in biz; Tommy personally named in reviews; 5.0 stars
6,★,A2,Lightning Bug Electric,Tony Blanca,(404) 223-5274,Atlanta,GA,Electrical,158,Veteran-owned; Tony personally named; small crew of 4-5
7,★,D1,Dean's Plumbing,Ronnie Dean,(972) 231-5509,Dallas,TX,Plumbing,122,Owner name IS the business; veteran-owned 2008; fully verified
8,★,P1,Canyon State Roofing,Jim McLain,(602) 400-1635,Phoenix,AZ,Roofing,~150,Owner fully verified; Jim on every estimate; 20+ years small crew
9,★,P2,Estrella Roofing LLC,Juan Leon Lopez,(602) 373-4313,Phoenix,AZ,Roofing,64,Owner confirmed; family-owned 2009; small crew; 5.0 stars
10,★,C2,Toliny Plumbing & Electric,Tony,(980) 333-4303,Charlotte,NC,Plumbing+Electrical,~80,Family-owned 1990; one guy does the work; two trades = more missed calls
11,★,C3,South End Plumbing Heating & Air,Robert Dulin,(704) 741-8714,Charlotte,NC,Plumbing+HVAC,~100,2nd gen family; Robert is personal point of contact
12,◦,D2,Blue Moon Plumbing DFW,Unknown,(469) 328-3243,Dallas,TX,Plumbing,~50,Founded 2023 by solo master plumber; brand new = no systems yet
13,◦,D3,Legacy Plumbing DFW,Unknown,Verify on Google,Dallas,TX,Plumbing,~200,Family-owned 2006; owner still on service calls
14,◦,T2,Alca Plumbing,Anthony Dang,Verify on Google,Tampa,FL,Plumbing,~100,Owner answers calls directly; 15+ years solo-to-small
15,◦,T3,Alvarez Plumbing & AC,Unknown,Verify on Google,Tampa,FL,Plumbing+AC,~200,Family name in biz; two trades pulling owner in different directions
16,◦,T4,Hawkins Service Company,Unknown,Verify on Google,Tampa,FL,Electrical+HVAC+Pool,~150,Family-owned 1993; 3 trades = constant missed calls
17,◦,A3,Absolute Plumbing Company,Unknown,Verify on Google,Atlanta,GA,Plumbing,~100,Family-owned 2008; small team; owner still does service calls
18,◦,A4,Bryco Electric,Unknown,Verify on Google,Atlanta,GA,Electrical,~80,Family-owned; owner still on service calls
19,◦,N2,West Side Electric,Unknown,Verify on Google,Nashville,TN,Electrical,~100,Best of Nashville 4 years; electricians hands-busy constantly
20,◦,N4,Honest Plumbing,Unknown,Verify on Google,Nashville,TN,Plumbing,~80,Solo trust-marketing; no front desk; owner drives and wrenches
21,◦,N5,Doctor Drips,Unknown,Verify on Google,Nashville,TN,Plumbing,~60,One-man branded shop; owner IS the tech and the phone
22,◦,De1,Aurora Plumbing Company,Father-daughter team,(303) 366-7910,Denver,CO,Plumbing,~100,Family-owned 1984; two people running everything
23,◦,De2,Triple J Plumbing,Unknown,Verify on Google,Denver,CO,Plumbing,~60,Family name initials; classic owner-named shop
24,◦,De3,Knight Plumbing LLC,Unknown,Verify on Google,Denver,CO,Plumbing,~75,Family-owned; emergency response pitch = knows missed calls are threat
25,◦,De4,SWAN Plumbing Heating & Air,Unknown,Verify on Google,Denver,CO,Plumbing+HVAC,~100,Small family-owned; two trades = constantly pulled between jobs
26,◦,De5,Patriot Pros,Unknown,Verify on Google,Denver,CO,General,~150,Veteran-owned family-run; answers own phone; no AI yet
27,◦,C4,On Time Electrical,Mike Fowler,Verify on Google,Charlotte,NC,Electrical,~150,Father-son; Mike on tools daily
28,◦,C5,Pyramid Electric Service,Unknown,Verify on Google,Charlotte,NC,Electrical,~75,50+ years family-run; old-school; no idea AI can do this
29,◦,P3,A/C & Plumbing Doctors,Unknown,(602) 767-0390,Phoenix,AZ,AC+Plumbing,~200,Family-owned 20+ years; dual trades = double missed calls
30,◦,P4,ACE Home Services,Unknown,Verify on Google,Phoenix,AZ,General,~300,Veteran-operated 1994; resistant to AI = first-mover opportunity
31,◦,P5,John's Heating Cooling & Plumbing,John (family),Verify on Google,Phoenix,AZ,HVAC+Plumbing,~200,Owner first name in biz; same family since 1970
32,◦,D4,Copeland Air Texas,Unknown,Verify on Google,Dallas,TX,HVAC,~500,Family-run feel but slightly above ICP; verify before calling
33,⚠️,D5,Rescue Air and Plumbing,Michael Hirsh + Josh Campbell,(972) 600-2022,Dallas,TX,AC+Plumbing,596,Growing fast; may be above 5-person threshold; verify team size
34,◦,T5,Everyday Plumber Tampa,Unknown,Verify on Google,Tampa,FL,Plumbing,~300,Family-owned A+ BBB; owner does the work
35,◦,A5,PV HVAC & Plumbing,Unknown,Verify on Google,Atlanta,GA,HVAC+Plumbing,~200,Family-run; two busiest trades for missed calls
