tier,business_name,trade,city_state,phone,owner,status,notes
sharp,Lou's Heating & Cooling,HVAC,"Denver, CO",(303) 949-8584,Louis Hernandez Jr.,not_contacted,Solo owner since 2014; 50+ reviews 5.0*; anti-upsell; takes calls 24/7 himself
sharp,Gold Star Plumbing,Plumbing,"Nashville, TN",(615) 290-9860,Rocky Burrell,not_contacted,Husband-wife team; 4.9* 34 reviews; every missed call = lost job
sharp,Charlotte Heating & Air,HVAC,"Charlotte, NC",(704) 330-3177,Keith Hudson,not_contacted,Solo founder since 2004; owner IS the technician
sharp,Plan B Air Conditioning,HVAC,"Tampa, FL",(813) 336-0933,Kenneth Newman,not_contacted,23 yrs solo; 52 reviews 4.8*; no team to pick up calls
sharp,AZ Family Plumbing,Plumbing,"Phoenix, AZ",(602) 922-0103,Sam & Jason,not_contacted,Husband-wife Master Plumber team since 2021; both on jobs
sharp,Colorado Water Works,Plumbing,"Denver, CO",(720) 320-6981,Tom Suman,not_contacted,Started solo; word-of-mouth only; classic missed-call scenario
sharp,Just Right Electric,Electrical,"Phoenix, AZ",(623) 363-9138,Jay Reynoso,not_contacted,Owner is the electrician; all calls go to Jay directly
sharp,Groves Electric,Electrical,"Tampa, FL",(813) 789-3400,Chris Groves,not_contacted,Small family op 20 yrs; 8x Angi Super Service; owner answers
sharp,Gervais Electric,Electrical,"Nashville, TN",(615) 973-1436,Paul Gervais,not_contacted,Family-owned 35 yrs; owner Paul still runs it; no call center
sharp,Thomas Landscape Maint.,Landscaping,"Phoenix, AZ",(602) 397-1603,Kelly Thomas,not_contacted,Solo since 1995; Mon-Fri 7-3 only; misses after-hours calls
sharp,Grassland Lawn Care,Landscaping,"Nashville, TN",(615) 595-8080,J.T. Cunningham,not_contacted,Family run small op; owner/crew in field all day
sharp,Best Roofing Now,Roofing,"Charlotte, NC",(704) 605-6047,Veteran owner,not_contacted,Veteran-owned 5.0* BBB A+; small crew; owner handles calls
strong,RST Roofing & Renovations,Roofing,"Atlanta, GA",(404) 548-8901,Jeffrey Teitelbaum,not_contacted,Owner Jeff runs it; family op in Decatur
strong,Self Brothers Heating & Cooling,HVAC,"Atlanta, GA",(678) 909-6377,Two brothers,not_contacted,Founded 2000; two brothers run it all; both on jobs at once
strong,Morton Plumbing,Plumbing,"Nashville, TN",(615) 255-2527,Jimmy Morton,not_contacted,Solo since 1986; now small family team; still owner-led
strong,Paul Richard Electric,Electrical,"Houston, TX",(832) 206-7990,Paul Arguelles,not_contacted,Owner Paul does the work; 4.7* 130 reviews; small crew
strong,Chad Love Services,HVAC/Electrical,"Concord, NC",(704) 793-1099,Chad Love,not_contacted,Owner is the brand; on every job
strong,Adamson Roofing,Roofing,"Atlanta, GA",(678) 424-1919,Len Adamson,not_contacted,Owner-led since 2006; A+ BBB; small in-house crew
strong,Quality RRC,Roofing,"Nashville, TN",(615) 604-5165,,not_contacted,Family-owned since 2007; 285+ 5-star; small crew
strong,JMAS Landscaping,Landscaping,"Katy, TX",(281) 396-4195,Juan Fuentes,not_contacted,Husband-wife (Juan & Melissa) since 1999; crew out all day
strong,Mobile Joe's Landscaping,Landscaping,"Atlanta, GA",(770) 360-5604,Joe Archer,not_contacted,Owner Joe's name on company; 35 yrs; runs it personally
strong,Shockley Electric,Electrical,"Atlanta, GA",(770) 630-6858,Christian Shockley,not_contacted,Owner's name on company; 360+ 5-star; small local team
strong,Dalia Landscape,Landscaping,"Denver, CO",(720) 443-7756,Antonio Martinez,not_contacted,Family-owned 30+ yrs; crew in field all day
strong,Houston Roofing & Construction,Roofing,"Houston, TX",(832) 237-3737,Blake,not_contacted,Owner cell 832-729-3119; 4.8* 127 reviews; small crew
solid,Kenny's Air Conditioning,HVAC,"Tampa, FL",(813) 875-3669,Kenneth Castellano,not_contacted,Family 50+ yrs; 4.8* 346 reviews; reviews note owner returns calls (=sometimes misses)
solid,Rudy Cools,HVAC,"Charlotte, NC",(980) 427-3614,Michael Argento,not_contacted,Owner-operator; 4.9* 455 reviews; busy shop calls slip through
solid,Southern Star Roofing,Roofing,"Charlotte, NC",(704) 937-7663,,not_contacted,Family-owned; 4.9* 353 reviews; high volume still small team
solid,Santhoff Plumbing,Plumbing,"Houston, TX",(713) 665-4997,Joseph Santhoff,not_contacted,Veteran-owned since 1974; 4.9* 800+ reviews; volume = missed calls
solid,Olin Plumbing,Plumbing,"Tampa, FL",(813) 443-5820,Derek Olin,not_contacted,Master Plumber since 1983; 4.9* 1176 reviews; Derek on job = missed calls
solid,Lawson Family Plumbing,Plumbing,"Phoenix, AZ",(602) 413-5790,Michael Schellenberger,not_contacted,Family plumbing op; owner-led
